{"stats":{"minecraft:picked_up":{"minecraft:wooden_axe":1,"biomesoplenty:redwood_log":73,"minecraft:charcoal":2,"minecraft:crafting_table":13,"chococraft:loverly_gysahl_green":1,"minecraft:wheat":62,"minecraft:azure_bluet":3,"minecraft:chicken":2,"tconstruct:skyroot_log":7,"minecraft:stone_slab":3,"artifacts:umbrella":1,"botania:black_double_flower":1,"minecraft:oak_stairs":9,"minecraft:gold_block":1,"minecraft:enchanted_book":4,"tombstone:gemstone_of_familiar":2,"minecraft:string":29,"alexsmobs:ancient_dart":1,"tconstruct:earth_slime_dirt":1,"minecraft:cobbled_deepslate":136,"minecraft:beef":17,"minecraft:oak_boat":3,"minecraft:cobblestone_slab":2,"minecraft:light_gray_wool":1,"minecraft:sugar_cane":42,"minecraft:chest":1,"minecraft:furnace":13,"minecraft:raw_iron":65,"minecraft:stick":7,"minecraft:sandstone":1,"orcz:orcskull":2,"minecraft:torch":24,"minecraft:porkchop":27,"orcz:orchorn":1,"tombstone:grave_dust":14,"minecraft:diorite":2,"minecraft:carrot":6,"orcz:palisadedarkoak":1,"minecraft:redstone":17,"biomesoplenty:jacaranda_log":7,"biomesoplenty:redwood_planks":156,"botania:manasteel_ingot":5,"tconstruct:sky_slime_ball":54,"evilcraft:box_of_eternal_closure":1,"minecraft:arrow":12,"minecraft:rotten_flesh":16,"minecraft:hay_block":29,"biomesoplenty:redwood_sapling":12,"minecraft:mutton":31,"minecraft:white_wool":12,"minecraft:cobblestone":120,"biomesoplenty:lavender":13,"minecraft:feather":5,"orcz:orcteeth":40,"minecraft:andesite":2,"minecraft:leather":10,"minecraft:brown_wool":2,"minecraft:oak_log":21,"artifacts:flame_pendant":1,"minecraft:gunpowder":1,"botania:magenta_mushroom":2,"botania:red_mushroom":1,"minecraft:lapis_lazuli":253,"minecraft:dirt":41,"tombstone:gift":2,"artifacts:shock_pendant":4,"minecraft:cooked_mutton":1,"minecraft:bone":31,"chococraft:gysahl_green":4,"minecraft:bow":2,"minecraft:wheat_seeds":5,"minecraft:raw_gold":31,"minecraft:iron_ingot":41,"minecraft:fletching_table":1,"minecraft:oak_planks":135,"minecraft:cooked_porkchop":2,"minecraft:sand":2,"minecraft:gravel":3,"betteranimalsplus:pheasantraw":14,"minecraft:amethyst_shard":8,"chococraft:gysahl_green_seeds":2,"botania:lime_mushroom":1,"minecraft:white_bed":1,"minecraft:diamond_block":1,"minecraft:spider_eye":6,"minecraft:slime_ball":96,"minecraft:diamond":40,"evilcraft:dark_gem":184,"minecraft:iron_helmet":1,"minecraft:diamond_axe":1,"orcz:ironscrap":1,"tombstone:magic_scroll":1,"minecraft:oak_sapling":1,"orcz:orceye":1,"botania:brown_mushroom":1,"minecraft:coal":258},"minecraft:killed_by":{"orcz:orcsavageweird":2},"minecraft:broken":{"minecraft:stone_pickaxe":1,"minecraft:iron_pickaxe":1},"minecraft:crafted":{"minecraft:oak_planks":84,"minecraft:furnace":1,"minecraft:cooked_mutton":9,"minecraft:diamond_helmet":1,"minecraft:diamond_leggings":1,"minecraft:iron_boots":1,"minecraft:iron_axe":1,"minecraft:stone_pickaxe":2,"minecraft:chest":3,"minecraft:diamond_boots":1,"minecraft:wheat":136,"sophisticatedbackpacks:backpack":1,"minecraft:cooked_porkchop":10,"minecraft:crafting_table":4,"biomesoplenty:redwood_planks":272,"minecraft:wooden_pickaxe":1,"minecraft:iron_helmet":1,"minecraft:bucket":3,"minecraft:stone_axe":1,"minecraft:bread":48,"minecraft:air":0,"minecraft:oak_boat":1,"minecraft:diamond_pickaxe":1,"minecraft:stick":20,"minecraft:iron_ingot":59,"minecraft:iron_pickaxe":1,"minecraft:wooden_axe":1,"minecraft:white_bed":1,"minecraft:torch":4,"betteranimalsplus:pheasantcooked":14,"minecraft:diamond_chestplate":1},"minecraft:killed":{"betteranimalsplus:coyote":3,"orcz:goblinshield":1,"alexsmobs:raccoon":1,"minecraft:spider":21,"betteranimalsplus:boar":4,"tconstruct:sky_slime":4,"alexsmobs:seagull":1,"minecraft:skeleton":24,"minecraft:chicken":2,"betteranimalsplus:goose":1,"betteranimalsplus:songbird":2,"alexsmobs:bison":3,"orcz:orcsavagemace":3,"orcz:orcsavageweird":1,"artifacts:mimic":2,"rottencreatures:undead_miner":8,"minecraft:pig":9,"orcz:goblinsavagemace":1,"unusualfishmod:deep_crawler":1,"betteranimalsplus:pheasant":6,"minecraft:creeper":6,"minecraft:sheep":17,"minecraft:zombie":31,"orcz:bigorcboss":2,"unusualfishmod:hatchet_fish":1,"betteranimalsplus:crab":1,"orcz:orcsavage_2sword":3,"minecraft:enderman":1,"orcz:orcshield":2,"minecraft:cow":8},"minecraft:custom":{"minecraft:mob_kills":175,"minecraft:interact_with_crafting_table":28,"minecraft:open_barrel":11,"minecraft:leave_game":2,"minecraft:time_since_death":48391,"minecraft:climb_one_cm":5364,"minecraft:sprint_one_cm":405111,"minecraft:walk_one_cm":303078,"minecraft:drop":119,"minecraft:talked_to_villager":1,"minecraft:play_time":185729,"minecraft:sneak_time":27474,"minecraft:deaths":4,"minecraft:walk_under_water_one_cm":26040,"minecraft:boat_one_cm":55339,"minecraft:jump":3755,"minecraft:walk_on_water_one_cm":73226,"minecraft:total_world_time":185729,"minecraft:interact_with_furnace":45,"minecraft:interact_with_cartography_table":1,"minecraft:time_since_rest":48465,"minecraft:damage_taken":4755,"tombstone:sneak_grave":1,"minecraft:trigger_trapped_chest":1,"minecraft:damage_dealt":32104,"minecraft:swim_one_cm":113710,"minecraft:fly_one_cm":697424,"minecraft:open_chest":36,"minecraft:crouch_one_cm":99196,"tombstone:undead_killed":63,"minecraft:fall_one_cm":117994},"minecraft:dropped":{"minecraft:diamond_axe":1,"chococraft:loverly_gysahl_green":1,"minecraft:wheat_seeds":5,"minecraft:lapis_lazuli":64,"minecraft:crafting_table":1,"artifacts:shock_pendant":2,"biomesoplenty:lavender":13,"minecraft:iron_helmet":1,"minecraft:feather":4,"minecraft:cobblestone":8,"chococraft:gysahl_green_seeds":2,"botania:red_mushroom":1,"minecraft:stick":3,"minecraft:dirt":3,"minecraft:diorite":1,"minecraft:oak_stairs":2,"minecraft:brown_wool":2,"minecraft:wooden_axe":2,"minecraft:melon_slice":2,"tombstone:grave_dust":16,"minecraft:iron_leggings":1,"minecraft:amethyst_shard":8,"minecraft:sand":2,"minecraft:string":13,"botania:magenta_mushroom":2,"minecraft:bone":11,"minecraft:redstone":17,"minecraft:gravel":3,"minecraft:furnace":2,"minecraft:stone_axe":1,"minecraft:sugar_cane":42,"minecraft:cobbled_deepslate":38,"biomesoplenty:redwood_sapling":12,"minecraft:beetroot":12,"minecraft:chicken":2,"evilcraft:box_of_eternal_closure":1,"minecraft:rotten_flesh":15,"biomesoplenty:redwood_planks":103,"minecraft:light_gray_wool":1,"minecraft:oak_planks":3,"minecraft:iron_boots":1,"alexsmobs:ancient_dart":2,"artifacts:flame_pendant":1,"minecraft:stone_slab":3,"botania:brown_mushroom":1,"minecraft:azure_bluet":3,"tombstone:gemstone_of_familiar":1,"minecraft:cobblestone_slab":2,"minecraft:gunpowder":1,"artifacts:umbrella":1,"minecraft:iron_chestplate":1,"minecraft:charcoal":2,"minecraft:oak_boat":1,"minecraft:oak_sapling":1,"minecraft:spider_eye":6,"minecraft:slime_ball":32,"minecraft:sandstone":1,"minecraft:arrow":11,"minecraft:bow":1,"minecraft:wooden_pickaxe":1,"botania:lime_mushroom":1,"chococraft:gysahl_green":4},"minecraft:mined":{"botania:magenta_mushroom":1,"minecraft:tuff":26,"minecraft:white_bed":1,"minecraft:mossy_cobblestone":2,"tconstruct:sky_slime_vine":1,"minecraft:deepslate_diamond_ore":28,"minecraft:jungle_leaves":6,"orcz:palisadedarkoak":2,"minecraft:grass_block":26,"botania:black_double_flower":1,"minecraft:sandstone":1,"minecraft:spawner":1,"minecraft:large_fern":3,"minecraft:hay_block":27,"biomesoplenty:jacaranda_log":7,"minecraft:furnace":11,"minecraft:carrots":2,"minecraft:iron_ore":24,"minecraft:cobbled_deepslate":1,"minecraft:oak_stairs":8,"biomesoplenty:lavender":10,"evilcraft:box_of_eternal_closure":1,"minecraft:andesite":2,"minecraft:deepslate_lapis_ore":22,"evilcraft:dark_ore":6,"minecraft:fletching_table":1,"minecraft:vine":2,"chococraft:gysahl_green":2,"minecraft:deepslate_iron_ore":17,"biomesoplenty:redwood_log":80,"minecraft:cobblestone_slab":2,"minecraft:small_amethyst_bud":2,"minecraft:stone":121,"tconstruct:earth_congealed_slime":26,"minecraft:podzol":12,"minecraft:deepslate_redstone_ore":22,"tconstruct:sky_slime_tall_grass":1,"biomesoplenty:redwood_planks":53,"minecraft:amethyst_cluster":2,"botania:lime_mushroom":1,"minecraft:dandelion":1,"minecraft:clay":3,"minecraft:crafting_table":14,"minecraft:torch":11,"minecraft:chest":1,"minecraft:campfire":2,"minecraft:tall_grass":2,"minecraft:stone_slab":5,"botania:brown_mushroom":1,"minecraft:cobblestone":14,"minecraft:deepslate_gold_ore":9,"minecraft:oak_planks":9,"minecraft:sugar_cane":10,"minecraft:diorite":2,"minecraft:wall_torch":12,"tconstruct:sky_slime_leaves":2,"evilcraft:dark_ore_deepslate":16,"minecraft:wheat":1,"tconstruct:earth_slime_dirt":1,"tconstruct:skyroot_log":7,"minecraft:grass":14,"biomesoplenty:clover":6,"minecraft:coal_ore":77,"minecraft:oak_log":21,"minecraft:beetroots":1,"biomesoplenty:redwood_leaves":154,"minecraft:gravel":4,"minecraft:dirt":7,"minecraft:sand":1,"minecraft:stone_bricks":1,"minecraft:deepslate":358,"minecraft:oak_leaves":5,"minecraft:fern":1,"tconstruct:sky_congealed_slime":14},"minecraft:used":{"biomesoplenty:redwood_planks":214,"minecraft:chest":3,"minecraft:torch":27,"minecraft:dirt":38,"betteranimalsplus:pheasantcooked":14,"minecraft:wooden_axe":11,"minecraft:iron_axe":7,"evilcraft:box_of_eternal_closure":1,"evilcraft:flesh_humanoid":1,"minecraft:furnace":10,"tconstruct:sky_slime_bucket":1,"tombstone:gift":6,"minecraft:cobbled_deepslate":64,"minecraft:cooked_mutton":10,"minecraft:diorite":1,"minecraft:water_bucket":81,"minecraft:stone_pickaxe":133,"minecraft:wooden_pickaxe":37,"minecraft:diamond_axe":638,"minecraft:crafting_table":16,"minecraft:white_bed":2,"minecraft:diamond_pickaxe":370,"minecraft:bread":16,"minecraft:melon_slice":2,"minecraft:iron_pickaxe":249,"tombstone:magic_scroll":1,"minecraft:stone_axe":55,"minecraft:cobblestone":95,"minecraft:cooked_porkchop":11,"minecraft:andesite":2,"minecraft:bucket":85,"minecraft:oak_boat":1,"alexsmobs:animal_dictionary":1}},"DataVersion":2975}