{"stats":{"minecraft:picked_up":{"betteranimalsplus:calamari_raw":2,"minecraft:enchanted_book":1,"minecraft:amethyst_block":8,"alexsmobs:gazelle_horn":1,"minecraft:string":15,"tconstruct:earth_slime_dirt":1,"minecraft:raw_copper":63,"minecraft:cobbled_deepslate":219,"minecraft:smooth_stone":1,"minecraft:bucket":1,"minecraft:calcite":10,"minecraft:melon_slice":87,"minecraft:furnace":2,"minecraft:stick":4,"minecraft:oak_fence":2,"minecraft:torch":26,"minecraft:acacia_log":8,"minecraft:diorite":25,"tconstruct:seared_faucet":3,"tombstone:grave_dust":9,"mutantmonsters:hulk_hammer":1,"minecraft:stone_sword":1,"minecraft:rotten_flesh":46,"tconstruct:seared_fuel_gauge":1,"minecraft:obsidian":4,"alexsmobs:flying_fish":1,"minecraft:cobblestone":969,"tconstruct:seared_bricks":2,"minecraft:feather":1,"minecraft:cooked_beef":5,"minecraft:andesite":1,"minecraft:copper_block":2,"minecraft:flint":12,"minecraft:tuff":17,"minecraft:dirt":545,"minecraft:lapis_lazuli":91,"minecraft:bone":12,"minecraft:bow":1,"minecraft:wheat_seeds":33,"minecraft:raw_gold":5,"tconstruct:seared_table":1,"minecraft:oak_planks":3,"minecraft:sand":105,"tconstruct:hammer_head":1,"minecraft:melon":3,"minecraft:ink_sac":6,"minecraft:dark_oak_log":3,"alexsmobs:kangaroo_hide":1,"tconstruct:seared_ingot_tank":1,"minecraft:diamond":18,"tconstruct:seared_basin":4,"minecraft:bone_meal":1,"betteranimalsplus:fried_egg":1,"minecraft:bread":1,"minecraft:emerald":1,"minecraft:oak_sapling":7,"minecraft:oak_leaves":3,"minecraft:diamond_pickaxe":1,"minecraft:crafting_table":3,"minecraft:ladder":1,"minecraft:clay_ball":152,"minecraft:wooden_pickaxe":1,"minecraft:iron_axe":1,"artifacts:fire_gauntlet":1,"minecraft:candle":2,"minecraft:beef":5,"minecraft:poppy":6,"minecraft:sugar_cane":13,"minecraft:raw_iron":35,"minecraft:oak_door":1,"sophisticatedbackpacks:backpack":1,"minecraft:redstone":4,"minecraft:dark_oak_planks":18,"minecraft:arrow":19,"minecraft:stone_shovel":1,"minecraft:deepslate_bricks":1,"tconstruct:earth_slime_sapling":1,"botania:green_mystical_flower":5,"minecraft:mutton":11,"minecraft:white_wool":9,"minecraft:salmon":5,"minecraft:leather":9,"minecraft:acacia_wood":1,"minecraft:oak_log":41,"minecraft:gunpowder":29,"minecraft:cobblestone_wall":1,"minecraft:cobblestone_stairs":4,"tombstone:gift":1,"minecraft:cooked_mutton":6,"chococraft:gysahl_green":3,"tconstruct:seared_heater":1,"minecraft:apple":1,"minecraft:iron_ingot":3,"tombstone:bag_of_seeds":1,"minecraft:dark_oak_stairs":2,"minecraft:book":35,"minecraft:gravel":146,"orcz:orcamanita":1,"chococraft:gysahl_green_seeds":2,"minecraft:spider_eye":1,"betteranimalsplus:eel_meat_raw":7,"alexsmobs:raw_catfish":1,"minecraft:slime_ball":24,"minecraft:stone_axe":1,"evilcraft:dark_gem":10,"tconstruct:seared_melter":2,"tombstone:magic_scroll":1,"minecraft:coal":94,"minecraft:ender_pearl":1},"minecraft:broken":{"minecraft:stone_pickaxe":1,"minecraft:stone_axe":2,"minecraft:stone_shovel":1,"minecraft:iron_pickaxe":1},"minecraft:killed_by":{"alexsmobs:cachalot_whale":1,"minecraft:player":1,"mutantmonsters:mutant_skeleton":1,"minecraft:skeleton":1},"minecraft:crafted":{"minecraft:oak_planks":148,"minecraft:smooth_stone":3,"usefulbackpacks:backpack_small":1,"minecraft:stone":9,"tconstruct:tool_binding":1,"minecraft:diamond_shovel":1,"minecraft:cooked_mutton":9,"tconstruct:seared_melter":1,"minecraft:glass":16,"tconstruct:tinkers_chest":1,"tconstruct:seared_brick":168,"minecraft:chest":5,"minecraft:copper_block":1,"tconstruct:seared_ingot_tank":2,"minecraft:stone_hoe":1,"tconstruct:tough_handle":1,"sophisticatedbackpacks:backpack":1,"minecraft:crafting_table":3,"minecraft:wooden_pickaxe":1,"minecraft:iron_helmet":1,"tconstruct:tool_handle":1,"minecraft:copper_ingot":27,"minecraft:book":1,"minecraft:paper":3,"minecraft:diamond_pickaxe":1,"minecraft:stick":72,"minecraft:iron_ingot":43,"minecraft:iron_pickaxe":1,"minecraft:gold_ingot":19,"betteranimalsplus:eel_meat_cooked":6,"tconstruct:seared_bricks":29,"tconstruct:seared_fuel_gauge":1,"minecraft:oak_door":3,"tconstruct:pattern":15,"minecraft:stone_shovel":2,"tconstruct:part_builder":2,"minecraft:furnace":4,"minecraft:blast_furnace":1,"tconstruct:seared_basin":1,"tconstruct:tinker_station":1,"minecraft:terracotta":10,"tconstruct:seared_table":1,"minecraft:stone_pickaxe":2,"minecraft:dark_oak_planks":12,"minecraft:enchanting_table":1,"minecraft:bucket":1,"tconstruct:hammer_head":2,"minecraft:stone_axe":4,"tconstruct:seared_drain":1,"minecraft:air":0,"tconstruct:seared_heater":1,"minecraft:oak_boat":1,"tconstruct:crafting_station":1,"tconstruct:seared_faucet":3,"minecraft:iron_leggings":1,"minecraft:acacia_planks":24,"minecraft:torch":40,"minecraft:clay":16,"tconstruct:grout":176,"minecraft:diamond_chestplate":1},"minecraft:custom":{"minecraft:interact_with_crafting_table":75,"minecraft:open_barrel":3,"minecraft:eat_cake_slice":2,"minecraft:leave_game":9,"minecraft:time_since_death":28209,"minecraft:sprint_one_cm":564231,"minecraft:drop":51,"minecraft:play_time":283088,"minecraft:deaths":4,"minecraft:jump":4139,"minecraft:walk_on_water_one_cm":56058,"minecraft:enchant_item":1,"minecraft:interact_with_furnace":57,"minecraft:sleep_in_bed":1,"minecraft:damage_dealt":18441,"minecraft:crouch_one_cm":73177,"tombstone:undead_killed":48,"minecraft:mob_kills":121,"minecraft:climb_one_cm":3584,"minecraft:walk_one_cm":495837,"minecraft:damage_dealt_absorbed":74,"minecraft:sneak_time":22043,"minecraft:walk_under_water_one_cm":31058,"minecraft:boat_one_cm":546167,"minecraft:interact_with_blast_furnace":36,"minecraft:total_world_time":283088,"tombstone:raider_killed":2,"minecraft:time_since_rest":28261,"minecraft:damage_taken":4608,"minecraft:swim_one_cm":119969,"minecraft:fly_one_cm":948737,"minecraft:open_chest":50,"minecraft:fall_one_cm":107963},"minecraft:killed":{"minecraft:witch":1,"minecraft:spider":7,"minecraft:skeleton":20,"alexsmobs:kangaroo":1,"artifacts:mimic":1,"minecraft:zombie_villager":1,"minecraft:salmon":5,"alexsmobs:seal":1,"minecraft:creeper":10,"minecraft:sheep":10,"minecraft:zombie":23,"betteranimalsplus:horseshoecrab":2,"minecraft:cow":5,"minecraft:vindicator":1,"alexsmobs:seagull":1,"minecraft:drowned":1,"alexsmobs:flying_fish":1,"rottencreatures:undead_miner":3,"betteranimalsplus:lamprey":1,"alexsmobs:emu":1,"betteranimalsplus:eel_freshwater":3,"alexsmobs:catfish":1,"alexsmobs:gazelle":2,"minecraft:enderman":1},"minecraft:dropped":{"minecraft:acacia_wood":1,"minecraft:candle":2,"minecraft:dark_oak_stairs":1,"minecraft:lapis_lazuli":5,"minecraft:ender_pearl":1,"minecraft:dirt":9,"minecraft:gravel":1,"minecraft:stone_axe":1,"minecraft:compass":1,"minecraft:cobbled_deepslate":169,"minecraft:rotten_flesh":29,"evilcraft:flesh_humanoid":1,"alexsmobs:kangaroo_hide":1,"minecraft:poppy":6,"minecraft:ladder":1,"minecraft:arrow":10,"minecraft:iron_ingot":3,"minecraft:feather":1,"minecraft:cobblestone":8,"alexsmobs:raw_catfish":1,"minecraft:stick":8,"tombstone:grave_dust":1,"minecraft:smooth_stone":1,"minecraft:stone_sword":1,"minecraft:cobblestone_wall":1,"minecraft:tuff":17,"minecraft:stone_shovel":1,"minecraft:diamond_pickaxe":1,"minecraft:oak_sapling":7,"minecraft:wooden_pickaxe":2,"minecraft:calcite":2},"minecraft:mined":{"minecraft:dark_oak_planks":20,"minecraft:large_amethyst_bud":1,"orcz:orcamanita":1,"minecraft:cobblestone_stairs":4,"tconstruct:seared_bricks":2,"minecraft:obsidian":4,"minecraft:budding_amethyst":1,"minecraft:acacia_log":8,"minecraft:grass_block":176,"tconstruct:earth_slime_tall_grass":1,"minecraft:deepslate_bricks":1,"tconstruct:seared_table":1,"minecraft:tall_seagrass":4,"minecraft:iron_ore":13,"tconstruct:seared_melter":2,"minecraft:dark_oak_stairs":2,"chococraft:gysahl_green":2,"minecraft:dirt_path":1,"botania:green_mystical_flower":5,"minecraft:deepslate_redstone_ore":1,"tconstruct:seared_fuel_gauge":1,"minecraft:clay":42,"minecraft:torch":10,"minecraft:calcite":8,"minecraft:melon":17,"minecraft:cobblestone":17,"botania:blue_mystical_flower":1,"minecraft:sugar_cane":5,"minecraft:oak_planks":1,"minecraft:wall_torch":8,"minecraft:amethyst_block":8,"minecraft:seagrass":2,"tconstruct:seared_faucet":3,"minecraft:wheat":1,"minecraft:copper_block":2,"minecraft:grass":235,"minecraft:oak_log":41,"minecraft:sand":110,"minecraft:dirt":298,"tconstruct:seared_heater":1,"minecraft:smooth_basalt":4,"minecraft:oak_leaves":20,"minecraft:deepslate":239,"minecraft:tuff":18,"minecraft:deepslate_diamond_ore":18,"minecraft:oak_door":1,"minecraft:dark_oak_log":3,"minecraft:ladder":1,"minecraft:dark_oak_fence":2,"biomesoplenty:bush":1,"minecraft:furnace":2,"minecraft:acacia_wood":1,"minecraft:andesite":16,"evilcraft:dark_ore":2,"minecraft:bookshelf":11,"tconstruct:earth_earth_slime_grass":1,"minecraft:deepslate_iron_ore":19,"sophisticatedbackpacks:backpack":1,"minecraft:stone":1074,"tconstruct:earth_congealed_slime":6,"minecraft:glass_pane":4,"minecraft:oak_fence":2,"minecraft:crafting_table":3,"tconstruct:seared_basin":4,"tconstruct:seared_ingot_tank":1,"minecraft:tall_grass":64,"minecraft:copper_ore":18,"minecraft:lapis_ore":13,"minecraft:deepslate_gold_ore":5,"minecraft:diorite":27,"minecraft:birch_planks":1,"minecraft:cobblestone_wall":2,"minecraft:coal_ore":79,"minecraft:gravel":167},"minecraft:used":{"minecraft:chest":3,"minecraft:rotten_flesh":3,"betteranimalsplus:calamari_raw":2,"minecraft:lava_bucket":5,"betteranimalsplus:eel_meat_cooked":6,"tconstruct:seared_faucet":4,"mutantmonsters:hulk_hammer":63,"tconstruct:seared_fuel_gauge":1,"minecraft:furnace":5,"tconstruct:smeltery_controller":1,"minecraft:diorite":1,"minecraft:stone_pickaxe":270,"minecraft:wooden_pickaxe":16,"minecraft:clay":6,"minecraft:oak_leaves":3,"minecraft:blast_furnace":1,"sophisticatedbackpacks:backpack":1,"minecraft:bread":24,"minecraft:melon_slice":87,"tconstruct:seared_ingot_tank":2,"tconstruct:tinkers_chest":1,"tconstruct:crafting_station":1,"chococraft:gysahl_green":3,"minecraft:oak_boat":1,"minecraft:enchanting_table":1,"minecraft:stone_sword":18,"minecraft:acacia_log":2,"minecraft:stone_shovel":249,"minecraft:stone_hoe":3,"betteranimalsplus:fried_egg":1,"minecraft:oak_door":1,"minecraft:torch":66,"tconstruct:seared_drain":1,"minecraft:dirt":134,"tconstruct:seared_bricks":30,"tconstruct:seared_heater":1,"minecraft:dark_oak_planks":4,"tconstruct:tinker_station":1,"minecraft:melon_seeds":2,"tombstone:gift":4,"minecraft:cooked_beef":2,"tconstruct:part_builder":1,"minecraft:cobbled_deepslate":52,"minecraft:cooked_mutton":10,"minecraft:water_bucket":2,"minecraft:cobblestone_stairs":4,"minecraft:copper_block":2,"minecraft:deepslate_bricks":1,"minecraft:crafting_table":5,"tconstruct:seared_basin":4,"tombstone:bag_of_seeds":1,"minecraft:diamond_pickaxe":1148,"minecraft:apple":1,"minecraft:diamond_shovel":508,"chococraft:gysahl_green_seeds":1,"tconstruct:seared_table":2,"minecraft:iron_pickaxe":250,"minecraft:stone_axe":394,"minecraft:cobblestone":103,"tconstruct:seared_melter":2,"minecraft:bucket":13}},"DataVersion":2975}