{"stats":{"minecraft:picked_up":{"minecraft:cocoa_beans":3,"minecraft:crafting_table":5,"chococraft:loverly_gysahl_green":1,"minecraft:wheat":4,"minecraft:chicken":3,"minecraft:lead":2,"minecraft:enchanted_book":1,"alexsmobs:gazelle_horn":1,"minecraft:string":6,"minecraft:iron_axe":1,"minecraft:beef":2,"minecraft:oak_boat":1,"minecraft:light_gray_wool":4,"minecraft:melon_slice":127,"minecraft:sugar_cane":15,"minecraft:phantom_membrane":1,"minecraft:furnace":2,"minecraft:egg":1,"minecraft:stick":3,"minecraft:raw_iron":77,"minecraft:copper_ingot":1,"minecraft:torch":8,"botania:black_mushroom":1,"minecraft:porkchop":3,"orcz:orchorn":1,"tombstone:grave_dust":5,"orcz:palisadedarkoak":7,"minecraft:arrow":14,"minecraft:rotten_flesh":20,"tconstruct:earth_slime_sapling":3,"botania:green_mystical_flower":2,"minecraft:mutton":8,"alexsmobs:lobster_tail":5,"minecraft:cod":1,"alexsmobs:kangaroo_meat":1,"minecraft:white_wool":3,"minecraft:cobblestone":152,"minecraft:birch_log":1,"minecraft:feather":4,"orcz:orcteeth":14,"minecraft:andesite":8,"minecraft:leather":3,"minecraft:oak_log":239,"evilcraft:flesh_humanoid":1,"tconstruct:sky_slime_crystal_block":2,"minecraft:bone":14,"chococraft:gysahl_green":17,"minecraft:apple":1,"chococraft:gold_gysahl":1,"minecraft:wheat_seeds":21,"minecraft:iron_ingot":3,"minecraft:glass_bottle":2,"minecraft:oak_planks":8,"minecraft:pumpkin":13,"orcz:blue_orcshroom":2,"minecraft:sand":17,"chococraft:gysahl_green_seeds":6,"artifacts:scarf_of_invisibility":1,"minecraft:mossy_cobblestone":4,"betteranimalsplus:eel_meat_raw":3,"alexsmobs:kangaroo_hide":2,"minecraft:slime_ball":16,"minecraft:diamond":6,"minecraft:granite":21,"minecraft:gray_wool":2,"orcz:orceye":2,"tombstone:magic_scroll":1,"minecraft:oak_sapling":1,"minecraft:melon_seeds":7,"minecraft:coal":49},"minecraft:broken":{"minecraft:stone_pickaxe":1,"minecraft:iron_axe":2},"minecraft:killed_by":{"betteranimalsplus:boar":1},"minecraft:crafted":{"minecraft:oak_door":3,"minecraft:oak_planks":635,"minecraft:cooked_chicken":3,"minecraft:furnace":2,"minecraft:cooked_mutton":8,"minecraft:iron_boots":1,"minecraft:iron_axe":3,"minecraft:stone_pickaxe":2,"minecraft:chest":2,"minecraft:cooked_beef":2,"minecraft:cooked_cod":1,"minecraft:cooked_porkchop":3,"alexsmobs:cooked_lobster_tail":5,"minecraft:crafting_table":2,"minecraft:wooden_pickaxe":1,"minecraft:iron_helmet":1,"alexsmobs:cooked_kangaroo_meat":1,"minecraft:birch_planks":4,"minecraft:stone_axe":1,"minecraft:air":0,"minecraft:oak_boat":2,"minecraft:iron_chestplate":1,"minecraft:shield":1,"minecraft:stick":20,"minecraft:iron_ingot":57,"minecraft:iron_pickaxe":1,"minecraft:iron_leggings":1,"minecraft:white_bed":1,"minecraft:torch":20},"minecraft:custom":{"minecraft:mob_kills":87,"minecraft:interact_with_crafting_table":20,"minecraft:leave_game":3,"minecraft:time_since_death":95725,"minecraft:sprint_one_cm":468239,"minecraft:walk_one_cm":484418,"minecraft:damage_blocked_by_shield":2048,"minecraft:drop":46,"minecraft:talked_to_villager":8,"minecraft:play_time":179232,"minecraft:deaths":1,"minecraft:sneak_time":12189,"minecraft:walk_under_water_one_cm":32784,"minecraft:boat_one_cm":585517,"minecraft:jump":3183,"minecraft:interact_with_blast_furnace":2,"minecraft:walk_on_water_one_cm":67610,"minecraft:total_world_time":179232,"minecraft:interact_with_furnace":39,"tombstone:raider_killed":1,"minecraft:sleep_in_bed":1,"minecraft:time_since_rest":73238,"minecraft:damage_taken":1942,"minecraft:damage_dealt":13804,"minecraft:swim_one_cm":69664,"minecraft:fly_one_cm":759875,"minecraft:player_kills":1,"minecraft:open_chest":21,"minecraft:crouch_one_cm":45512,"tombstone:undead_killed":38,"tombstone:villager_killed":1,"minecraft:fall_one_cm":65973},"minecraft:killed":{"betteranimalsplus:coyote":2,"alexsmobs:lobster":8,"alexsmobs:raccoon":1,"minecraft:spider":6,"betteranimalsplus:boar":1,"minecraft:cod":1,"minecraft:phantom":1,"minecraft:skeleton":13,"minecraft:chicken":3,"minecraft:drowned":6,"alexsmobs:skelewag":2,"alexsmobs:kangaroo":1,"betteranimalsplus:lamprey":1,"minecraft:pig":2,"orcz:goblinsavagemace":2,"minecraft:wandering_trader":1,"minecraft:creeper":1,"minecraft:sheep":4,"minecraft:trader_llama":2,"minecraft:zombie":16,"alexsmobs:elephant":1,"alexsmobs:terrapin":1,"alexsmobs:gazelle":3,"orcz:bigorcboss":1,"orcz:orcsavage_2sword":1,"orcz:snot":1,"minecraft:cow":1},"minecraft:dropped":{"chococraft:loverly_gysahl_green":1,"minecraft:wheat_seeds":20,"chococraft:gold_gysahl":1,"minecraft:mossy_cobblestone":4,"orcz:palisadedarkoak":6,"minecraft:feather":3,"orcz:blue_orcshroom":1,"chococraft:gysahl_green_seeds":6,"minecraft:granite":5,"minecraft:coal":1,"minecraft:stick":1,"orcz:orceye":1,"tconstruct:materials_and_you":1,"botania:green_mystical_flower":2,"minecraft:phantom_membrane":1,"minecraft:iron_axe":1,"betteranimalsplus:eel_meat_raw":1,"minecraft:furnace":1,"minecraft:stone_axe":1,"alexsmobs:gazelle_horn":1,"minecraft:cocoa_beans":3,"minecraft:wheat":2,"minecraft:rotten_flesh":13,"botania:black_mushroom":1,"alexsmobs:kangaroo_hide":2,"orcz:orcteeth":1,"minecraft:andesite":8,"minecraft:melon_seeds":7,"tconstruct:earth_slime_sapling":3,"minecraft:stone_pickaxe":1,"minecraft:wooden_pickaxe":1,"chococraft:gysahl_green":17},"minecraft:mined":{"minecraft:attached_melon_stem":2,"minecraft:mossy_cobblestone":4,"tconstruct:sky_slime_crystal_block":2,"biomesoplenty:desert_grass":1,"orcz:palisadedarkoak":1,"minecraft:granite":12,"botania:black_mushroom":1,"tconstruct:small_sky_slime_crystal_bud":1,"biomesoplenty:dune_grass":1,"tconstruct:large_sky_slime_crystal_bud":1,"minecraft:furnace":2,"minecraft:iron_ore":55,"minecraft:andesite":8,"minecraft:pumpkin":13,"chococraft:gysahl_green":6,"minecraft:deepslate_iron_ore":3,"minecraft:stone":144,"tconstruct:earth_congealed_slime":4,"botania:green_mystical_flower":1,"minecraft:melon_stem":1,"minecraft:crafting_table":5,"minecraft:torch":1,"minecraft:melon":25,"minecraft:tall_grass":6,"minecraft:cobblestone":7,"minecraft:sugar_cane":5,"minecraft:oak_planks":7,"minecraft:wall_torch":5,"minecraft:gray_wool":1,"minecraft:wheat":1,"minecraft:light_gray_wool":6,"minecraft:grass":23,"minecraft:oak_log":240,"minecraft:coal_ore":28,"minecraft:cocoa":1,"minecraft:sand":1,"minecraft:oak_leaves":16,"minecraft:deepslate":2},"minecraft:used":{"minecraft:chest":2,"minecraft:shield":73,"minecraft:oak_door":2,"minecraft:torch":28,"orcz:palisadedarkoak":1,"minecraft:granite":11,"minecraft:iron_axe":506,"alexsmobs:cooked_lobster_tail":5,"evilcraft:flesh_humanoid":1,"minecraft:cooked_cod":1,"minecraft:furnace":3,"tombstone:gift":4,"minecraft:egg":1,"minecraft:cooked_mutton":1,"minecraft:stone_pickaxe":248,"minecraft:oak_planks":547,"minecraft:wooden_pickaxe":16,"minecraft:sand":12,"minecraft:crafting_table":6,"minecraft:white_bed":1,"minecraft:bread":3,"minecraft:melon_slice":125,"minecraft:iron_pickaxe":6,"orcz:big_bone_1":1,"minecraft:stone_axe":55,"orcz:bone_1deco":1,"minecraft:cobblestone":110,"alexsmobs:animal_dictionary":1,"minecraft:oak_boat":2,"minecraft:gray_wool":1}},"DataVersion":2975}