{"stats":{"minecraft:custom":{"minecraft:interact_with_smithing_table":2,"minecraft:interact_with_anvil":3,"minecraft:mob_kills":29,"minecraft:interact_with_crafting_table":35,"minecraft:open_barrel":1,"minecraft:bell_ring":1,"minecraft:leave_game":13,"minecraft:time_since_death":69831,"minecraft:sprint_one_cm":574083,"minecraft:walk_one_cm":390464,"minecraft:damage_blocked_by_shield":50,"minecraft:drop":108,"minecraft:talked_to_villager":4,"minecraft:play_time":215152,"minecraft:deaths":5,"minecraft:sneak_time":875,"minecraft:walk_under_water_one_cm":8872,"minecraft:jump":2478,"minecraft:interact_with_blast_furnace":4,"minecraft:walk_on_water_one_cm":23667,"minecraft:total_world_time":215152,"minecraft:interact_with_furnace":33,"minecraft:interact_with_cartography_table":2,"minecraft:sleep_in_bed":2,"minecraft:time_since_rest":69892,"minecraft:damage_taken":3901,"minecraft:damage_dealt":5993,"minecraft:swim_one_cm":21416,"minecraft:fly_one_cm":155559,"minecraft:open_chest":15,"minecraft:crouch_one_cm":781,"tombstone:undead_killed":13,"tombstone:villager_killed":2,"minecraft:fall_one_cm":31341},"minecraft:broken":{"minecraft:wooden_pickaxe":2,"minecraft:stone_pickaxe":1,"minecraft:iron_pickaxe":6},"minecraft:mined":{"minecraft:large_amethyst_bud":1,"minecraft:tuff":65,"minecraft:attached_melon_stem":1,"minecraft:mossy_cobblestone":4,"minecraft:deepslate_diamond_ore":20,"minecraft:jungle_leaves":1,"minecraft:budding_amethyst":1,"minecraft:granite":56,"botania:light_blue_mushroom":1,"minecraft:acacia_log":21,"minecraft:stone_brick_wall":1,"tconstruct:earth_slime_crystal_block":9,"minecraft:grass_block":25,"minecraft:jungle_log":6,"minecraft:sandstone":5,"minecraft:spawner":2,"minecraft:hay_block":6,"minecraft:furnace":5,"minecraft:iron_ore":54,"minecraft:cobbled_deepslate":6,"evilcraft:box_of_eternal_closure":1,"tconstruct:budding_earth_slime_crystal":2,"minecraft:andesite":34,"evilcraft:dark_ore":4,"minecraft:deepslate_lapis_ore":1,"minecraft:deepslate_iron_ore":18,"minecraft:vine":3,"minecraft:small_amethyst_bud":1,"minecraft:stone":536,"minecraft:cake":1,"minecraft:orange_bed":1,"minecraft:green_bed":1,"minecraft:smithing_table":1,"minecraft:deepslate_redstone_ore":5,"minecraft:acacia_leaves":8,"minecraft:medium_amethyst_bud":1,"minecraft:melon_stem":2,"minecraft:amethyst_cluster":2,"minecraft:clay":8,"minecraft:crafting_table":6,"minecraft:torch":13,"tconstruct:earth_slime_crystal_cluster":10,"minecraft:calcite":3,"minecraft:melon":13,"botania:pink_mushroom":1,"minecraft:copper_ore":7,"minecraft:tall_grass":4,"minecraft:cobblestone":35,"minecraft:deepslate_gold_ore":8,"minecraft:lapis_ore":6,"minecraft:oak_planks":2,"minecraft:diorite":6,"minecraft:wall_torch":6,"minecraft:amethyst_block":12,"minecraft:birch_log":11,"minecraft:wheat":48,"minecraft:birch_leaves":1,"minecraft:grass":43,"minecraft:oak_log":12,"minecraft:coal_ore":32,"minecraft:gravel":26,"minecraft:sand":8,"minecraft:dirt":55,"minecraft:cobweb":10,"minecraft:smooth_basalt":4,"minecraft:oak_leaves":5,"minecraft:deepslate":826},"minecraft:killed":{"minecraft:cave_spider":1,"minecraft:spider":1,"betteranimalsplus:boar":3,"minecraft:skeleton":1,"alexsmobs:kangaroo":1,"artifacts:mimic":1,"minecraft:pig":1,"minecraft:iron_golem":1,"minecraft:zombie":12,"minecraft:villager":2,"minecraft:cow":2},"minecraft:crafted":{"minecraft:wooden_sword":1,"minecraft:oak_planks":36,"minecraft:furnace":3,"minecraft:iron_boots":1,"minecraft:iron_axe":1,"minecraft:stone_pickaxe":3,"tconstruct:seared_brick":6,"minecraft:chest":2,"minecraft:wheat":54,"minecraft:cooked_beef":8,"minecraft:cooked_porkchop":4,"minecraft:crafting_table":9,"minecraft:wooden_pickaxe":2,"minecraft:iron_helmet":1,"minecraft:iron_sword":1,"minecraft:birch_planks":24,"minecraft:bread":23,"minecraft:jungle_planks":24,"minecraft:iron_chestplate":1,"minecraft:diamond_pickaxe":1,"minecraft:charcoal":3,"minecraft:shield":1,"minecraft:stick":48,"minecraft:iron_ingot":49,"minecraft:iron_pickaxe":6,"minecraft:wooden_axe":1,"minecraft:stone_sword":1,"minecraft:iron_leggings":1,"minecraft:acacia_planks":80,"minecraft:torch":32},"minecraft:dropped":{"minecraft:wheat_seeds":39,"minecraft:cobblestone":623,"minecraft:amethyst_block":10,"minecraft:leather":3,"minecraft:granite":21,"minecraft:jungle_planks":1,"minecraft:stick":23,"minecraft:flint":3,"minecraft:dirt":70,"minecraft:diorite":6,"tconstruct:materials_and_you":2,"minecraft:torch":5,"minecraft:wooden_axe":2,"minecraft:wooden_sword":2,"minecraft:sand":42,"minecraft:orange_bed":1,"minecraft:string":2,"minecraft:smooth_basalt":4,"minecraft:gravel":7,"minecraft:stone_sword":2,"alexsmobs:animal_dictionary":2,"minecraft:cobbled_deepslate":352,"minecraft:raw_copper":7,"minecraft:green_bed":1,"minecraft:tuff":15,"minecraft:wheat":3,"minecraft:rotten_flesh":16,"minecraft:clay_ball":4,"minecraft:pumpkin_seeds":2,"botania:pink_mushroom":1,"alexsmobs:kangaroo_hide":2,"minecraft:andesite":32,"minecraft:melon_seeds":3,"minecraft:oak_sapling":9,"minecraft:spider_eye":2,"minecraft:sandstone":25,"minecraft:stone_pickaxe":2,"minecraft:raw_gold":6,"minecraft:calcite":2},"minecraft:used":{"minecraft:stone_sword":121,"minecraft:chest":2,"minecraft:shield":2,"minecraft:iron_sword":109,"minecraft:torch":56,"minecraft:dirt":36,"minecraft:jungle_planks":1,"minecraft:wooden_axe":97,"minecraft:iron_axe":34,"evilcraft:box_of_eternal_closure":1,"minecraft:furnace":7,"tombstone:gift":3,"minecraft:cooked_beef":5,"minecraft:cobbled_deepslate":35,"minecraft:stone_pickaxe":236,"minecraft:wooden_pickaxe":120,"minecraft:crafting_table":14,"minecraft:diamond_pickaxe":42,"minecraft:iron_pickaxe":1508,"minecraft:bread":31,"minecraft:melon_slice":46,"minecraft:wooden_sword":20,"minecraft:cobblestone":53,"minecraft:cooked_porkchop":4,"minecraft:bucket":1,"alexsmobs:animal_dictionary":3},"minecraft:picked_up":{"minecraft:wooden_axe":1,"minecraft:crafting_table":7,"minecraft:wheat":18,"minecraft:clay_ball":4,"minecraft:smithing_table":1,"tconstruct:materials_and_you":2,"tconstruct:earth_slime_crystal":38,"minecraft:amethyst_block":10,"minecraft:string":6,"minecraft:raw_copper":7,"minecraft:wooden_sword":1,"minecraft:cobbled_deepslate":335,"minecraft:beef":3,"minecraft:calcite":2,"minecraft:melon_slice":57,"minecraft:furnace":4,"minecraft:stick":16,"minecraft:raw_iron":98,"minecraft:sandstone":25,"minecraft:torch":36,"minecraft:acacia_log":30,"minecraft:green_bed":1,"minecraft:porkchop":5,"botania:pink_mushroom":1,"tombstone:grave_dust":2,"minecraft:diorite":6,"minecraft:redstone":24,"minecraft:orange_bed":1,"minecraft:stone_sword":1,"evilcraft:box_of_eternal_closure":1,"minecraft:rotten_flesh":16,"minecraft:hay_block":6,"tconstruct:earth_slime_crystal_block":8,"tombstone:scroll_of_aquatic_life":1,"alexsmobs:kangaroo_meat":2,"minecraft:cobblestone":771,"minecraft:birch_log":11,"minecraft:andesite":32,"minecraft:jungle_log":6,"minecraft:leather":3,"minecraft:flint":3,"minecraft:tuff":16,"minecraft:oak_log":12,"artifacts:superstitious_hat":1,"minecraft:lapis_lazuli":62,"minecraft:dirt":106,"tombstone:gift":1,"minecraft:acacia_planks":5,"minecraft:wheat_seeds":39,"minecraft:raw_gold":6,"minecraft:iron_ingot":3,"minecraft:smooth_basalt":4,"minecraft:gravel":16,"minecraft:sand":42,"minecraft:amethyst_shard":10,"minecraft:spider_eye":3,"alexsmobs:animal_dictionary":1,"alexsmobs:kangaroo_hide":4,"minecraft:pumpkin_seeds":2,"minecraft:diamond":20,"evilcraft:dark_gem":16,"minecraft:granite":21,"minecraft:oak_sapling":9,"minecraft:melon_seeds":3,"minecraft:coal":28},"minecraft:killed_by":{"artifacts:mimic":1,"minecraft:zombie":3,"alexsmobs:kangaroo":1}},"DataVersion":2975}