{"stats":{"minecraft:picked_up":{"minecraft:wooden_axe":1,"chococraft:loverly_gysahl_green":1,"minecraft:crafting_table":11,"minecraft:wheat":5,"minecraft:lead":2,"botania:black_double_flower":1,"tombstone:gemstone_of_familiar":1,"tombstone:grave_key":1,"minecraft:lapis_block":1,"tconstruct:earth_slime_dirt":1,"betteranimalsplus:bear_skin_black":1,"minecraft:cobbled_deepslate":303,"minecraft:oak_boat":2,"minecraft:calcite":22,"minecraft:light_gray_wool":12,"minecraft:phantom_membrane":1,"minecraft:furnace":5,"minecraft:raw_iron":91,"minecraft:torch":4,"tombstone:grave_dust":6,"minecraft:diorite":18,"minecraft:arrow":11,"minecraft:rotten_flesh":14,"orcz:orcshroom":1,"tconstruct:earth_slime_crystal_block":27,"chococraft:chocobo_drumstick_raw":1,"botania:green_mystical_flower":1,"minecraft:mutton":3,"minecraft:white_wool":3,"minecraft:cobblestone":108,"minecraft:birch_log":9,"orcz:orcteeth":3,"tconstruct:greenheart_log":6,"minecraft:salmon":2,"minecraft:leather":1,"minecraft:tuff":29,"botania:green_double_flower":1,"minecraft:oak_log":19,"minecraft:dirt":4,"botania:black_mystical_flower":6,"chococraft:chocobo_feather":1,"minecraft:bone":1,"chococraft:gysahl_green":14,"minecraft:wheat_seeds":12,"minecraft:raw_gold":33,"minecraft:iron_ingot":3,"minecraft:smooth_basalt":1,"minecraft:cooked_porkchop":1,"minecraft:red_wool":3,"orcz:orcagaric":1,"minecraft:dandelion":3,"minecraft:gravel":5,"minecraft:sand":1,"chococraft:gysahl_green_seeds":6,"minecraft:dark_oak_log":1,"alexsmobs:animal_dictionary":1,"minecraft:bundle":1,"minecraft:diamond":3,"evilcraft:dark_gem":13,"minecraft:bread":3,"tombstone:magic_scroll":2,"minecraft:coal":3},"minecraft:broken":{"minecraft:wooden_pickaxe":1,"minecraft:stone_pickaxe":2,"minecraft:stone_axe":1,"minecraft:iron_pickaxe":1},"minecraft:killed_by":{"alexsmobs:skelewag":3,"minecraft:zombie":1},"minecraft:crafted":{"minecraft:oak_planks":76,"chococraft:chocobo_drumstick_cooked":1,"minecraft:birch_boat":2,"minecraft:furnace":1,"minecraft:cooked_mutton":1,"minecraft:iron_boots":1,"minecraft:stone_pickaxe":2,"minecraft:dark_oak_planks":4,"minecraft:crafting_table":5,"minecraft:wooden_pickaxe":1,"minecraft:iron_helmet":1,"minecraft:iron_sword":1,"minecraft:red_bed":1,"minecraft:cooked_salmon":7,"minecraft:birch_planks":36,"minecraft:stone_axe":2,"minecraft:bread":1,"minecraft:air":0,"minecraft:oak_boat":1,"minecraft:iron_chestplate":1,"minecraft:shield":1,"minecraft:stick":32,"minecraft:iron_ingot":42,"minecraft:iron_pickaxe":2,"minecraft:wooden_axe":2,"minecraft:iron_leggings":1,"betteranimalsplus:eel_meat_cooked":3,"minecraft:white_bed":1,"minecraft:torch":20},"minecraft:killed":{"minecraft:spider":4,"minecraft:skeleton":9,"unusualfishmod:false_sword":1,"rottencreatures:undead_miner":2,"minecraft:wandering_trader":1,"unusualfishmod:deep_crawler":2,"unusualfishmod:cave_loach":1,"minecraft:sheep":2,"minecraft:trader_llama":2,"minecraft:zombie":14,"alexsmobs:terrapin":1,"unusualfishmod:hatchet_fish":4,"orcz:snot":1,"betteranimalsplus:blackbear":1,"minecraft:enderman":1,"chococraft:chocobo":1},"minecraft:custom":{"minecraft:mob_kills":48,"minecraft:interact_with_crafting_table":34,"minecraft:leave_game":6,"minecraft:time_since_death":29008,"minecraft:climb_one_cm":172,"minecraft:sprint_one_cm":304911,"minecraft:walk_one_cm":400368,"minecraft:damage_blocked_by_shield":1140,"minecraft:drop":38,"minecraft:play_time":175692,"minecraft:deaths":4,"minecraft:sneak_time":9858,"minecraft:walk_under_water_one_cm":22342,"minecraft:boat_one_cm":884925,"minecraft:jump":2910,"minecraft:interact_with_blast_furnace":3,"minecraft:walk_on_water_one_cm":23901,"minecraft:total_world_time":175692,"minecraft:interact_with_furnace":54,"minecraft:sleep_in_bed":1,"minecraft:time_since_rest":10376,"minecraft:damage_taken":1957,"minecraft:damage_dealt":8003,"minecraft:swim_one_cm":19296,"minecraft:fly_one_cm":460702,"minecraft:open_chest":9,"minecraft:crouch_one_cm":29811,"tombstone:undead_killed":25,"tombstone:villager_killed":1,"minecraft:fall_one_cm":60607},"minecraft:mined":{"minecraft:tuff":15,"minecraft:deepslate_diamond_ore":3,"minecraft:dark_oak_log":2,"minecraft:granite":2,"minecraft:grass_block":2,"tconstruct:earth_slime_crystal_block":30,"tconstruct:earth_slime_tall_grass":1,"botania:black_double_flower":1,"minecraft:furnace":5,"minecraft:iron_ore":6,"minecraft:cobbled_deepslate":6,"tconstruct:budding_earth_slime_crystal":4,"minecraft:andesite":3,"chococraft:gysahl_green":6,"minecraft:deepslate_iron_ore":52,"minecraft:stone":93,"botania:green_mystical_flower":1,"minecraft:red_wool":3,"tconstruct:earth_slime_fern":1,"minecraft:amethyst_cluster":2,"minecraft:dandelion":1,"minecraft:clay":4,"minecraft:crafting_table":10,"minecraft:torch":1,"botania:green_double_flower":1,"minecraft:calcite":11,"tconstruct:greenheart_log":6,"minecraft:tall_grass":1,"minecraft:cobblestone":12,"minecraft:deepslate_gold_ore":30,"minecraft:diorite":24,"botania:black_mystical_flower":3,"minecraft:wall_torch":3,"minecraft:amethyst_block":4,"tconstruct:large_earth_slime_crystal_bud":1,"minecraft:lapis_block":1,"minecraft:birch_log":9,"evilcraft:dark_ore_deepslate":3,"minecraft:wheat":4,"tconstruct:earth_slime_dirt":1,"minecraft:light_gray_wool":11,"minecraft:grass":3,"minecraft:oak_log":19,"minecraft:coal_ore":2,"minecraft:gravel":5,"minecraft:dirt":7,"minecraft:smooth_basalt":5,"minecraft:oak_leaves":1,"minecraft:deepslate":311},"minecraft:dropped":{"minecraft:bread":3,"chococraft:loverly_gysahl_green":1,"minecraft:crafting_table":1,"botania:black_mystical_flower":6,"chococraft:gysahl_green_seeds":6,"minecraft:coal":1,"minecraft:diorite":9,"tconstruct:materials_and_you":1,"tombstone:grave_key":3,"botania:green_mystical_flower":1,"minecraft:dandelion":3,"minecraft:bone":1,"minecraft:smooth_basalt":1,"minecraft:cobbled_deepslate":7,"alexsmobs:animal_dictionary":1,"minecraft:tuff":21,"minecraft:wheat":2,"orcz:orcshroom":1,"botania:green_double_flower":1,"minecraft:calcite":12},"minecraft:used":{"biomesoplenty:mahogany_planks":3,"minecraft:shield":29,"minecraft:iron_sword":76,"minecraft:cooked_salmon":7,"minecraft:rotten_flesh":14,"minecraft:torch":11,"chococraft:chocobo_drumstick_cooked":1,"minecraft:mutton":2,"minecraft:tuff":8,"minecraft:wooden_axe":13,"betteranimalsplus:eel_meat_cooked":3,"minecraft:light_gray_wool":2,"minecraft:furnace":5,"tombstone:gift":4,"minecraft:cobbled_deepslate":288,"minecraft:cooked_mutton":1,"minecraft:diorite":9,"minecraft:stone_pickaxe":261,"minecraft:oak_planks":16,"minecraft:birch_boat":2,"minecraft:wooden_pickaxe":47,"minecraft:glow_berries":4,"minecraft:sand":1,"minecraft:red_bed":1,"minecraft:crafting_table":13,"minecraft:white_bed":1,"minecraft:bread":1,"minecraft:iron_pickaxe":362,"minecraft:gravel":5,"minecraft:stone_axe":109,"minecraft:cobblestone":37,"minecraft:cooked_porkchop":1,"chococraft:gysahl_green":14,"minecraft:oak_boat":2,"alexsmobs:animal_dictionary":1}},"DataVersion":2975}