{"stats":{"minecraft:picked_up":{"minecraft:crafting_table":2,"minecraft:wheat":81,"minecraft:chicken":3,"evilcraft:dark_power_gem":1,"tconstruct:materials_and_you":1,"minecraft:wooden_pickaxe":2,"minecraft:enchanted_book":1,"tombstone:gemstone_of_familiar":1,"minecraft:string":6,"minecraft:raw_copper":15,"minecraft:iron_axe":1,"minecraft:compass":1,"artifacts:fire_gauntlet":2,"minecraft:beetroot":12,"minecraft:cobbled_deepslate":283,"minecraft:beef":19,"minecraft:calcite":1,"minecraft:rose_bush":1,"minecraft:oak_boat":1,"minecraft:jungle_sapling":2,"minecraft:light_gray_wool":9,"minecraft:iron_pickaxe":1,"evilcraft:hardened_blood_shard":36,"minecraft:melon_slice":234,"minecraft:chest":2,"alexsmobs:leafcutter_ant_chamber":1,"minecraft:phantom_membrane":1,"minecraft:furnace":12,"minecraft:egg":3,"minecraft:stick":19,"minecraft:raw_iron":45,"minecraft:torch":13,"sophisticatedbackpacks:backpack":1,"minecraft:porkchop":28,"tombstone:grave_dust":1,"minecraft:diorite":5,"minecraft:dark_oak_planks":1,"mutantmonsters:hulk_hammer":1,"minecraft:stone_sword":1,"minecraft:arrow":12,"botania:light_gray_mystical_flower":2,"minecraft:rotten_flesh":40,"biomesoplenty:mahogany_sapling":3,"biomesoplenty:orange_sandstone":1,"minecraft:deepslate_bricks":15,"minecraft:hay_block":29,"evilcraft:blood_chest":2,"tconstruct:earth_slime_sapling":1,"botania:green_mystical_flower":2,"minecraft:mutton":4,"minecraft:white_wool":2,"minecraft:cobblestone":130,"mowziesmobs:umvuthana_mask_fury":1,"minecraft:feather":8,"minecraft:andesite":8,"tconstruct:greenheart_log":6,"minecraft:jungle_log":7,"minecraft:leather":12,"minecraft:smoker":1,"minecraft:flint":3,"minecraft:tuff":6,"minecraft:oak_log":68,"minecraft:gunpowder":6,"minecraft:dirt":205,"tombstone:gift":1,"chococraft:chocobo_feather":2,"minecraft:red_carpet":1,"minecraft:bone":24,"mowziesmobs:foliaath_seed":2,"minecraft:wheat_seeds":341,"minecraft:raw_gold":13,"minecraft:stone_pickaxe":2,"minecraft:bamboo":17,"biomesoplenty:mahogany_planks":35,"minecraft:iron_sword":2,"minecraft:oak_planks":50,"minecraft:cooked_porkchop":1,"minecraft:gravel":2,"minecraft:sand":22,"minecraft:jungle_planks":11,"minecraft:melon":2,"minecraft:grass_block":2,"minecraft:cyan_bed":2,"artifacts:scarf_of_invisibility":1,"alexsmobs:animal_dictionary":1,"betteranimalsplus:eel_meat_raw":8,"biomesoplenty:mahogany_log":29,"minecraft:diamond":1,"minecraft:stone_axe":1,"evilcraft:dark_gem":28,"minecraft:bread":3,"mowziesmobs:umvuthana_mask_fear":1,"alexsmobs:maggot":2,"minecraft:melon_seeds":6,"minecraft:coal":68,"minecraft:ender_pearl":3},"minecraft:broken":{"minecraft:stone_pickaxe":1,"minecraft:wooden_sword":1,"minecraft:iron_sword":1,"minecraft:iron_pickaxe":1},"minecraft:killed_by":{"rottencreatures:zombie_lackey":1,"mutantmonsters:mutant_creeper":1},"minecraft:crafted":{"evilcraft:dark_spike":16,"minecraft:wooden_sword":1,"minecraft:oak_door":3,"minecraft:oak_planks":180,"minecraft:raw_iron":27,"biomesoplenty:mahogany_planks":64,"evilcraft:blood_chest":1,"minecraft:furnace":4,"minecraft:stone":4,"minecraft:cooked_mutton":2,"minecraft:flint_and_steel":1,"minecraft:glass":6,"minecraft:iron_boots":1,"evilcraft:blood_extractor":3,"minecraft:iron_axe":1,"minecraft:stone_pickaxe":3,"minecraft:chest":6,"minecraft:cooked_beef":11,"minecraft:cooked_porkchop":11,"minecraft:crafting_table":12,"evilcraft:blood_infusion_core":1,"minecraft:wooden_pickaxe":1,"minecraft:iron_helmet":1,"minecraft:iron_sword":2,"minecraft:deepslate_tiles":1,"minecraft:stone_axe":1,"minecraft:bread":29,"minecraft:air":0,"minecraft:jungle_planks":28,"minecraft:light_gray_bed":1,"minecraft:oak_boat":3,"minecraft:iron_chestplate":1,"minecraft:stick":16,"minecraft:iron_ingot":52,"minecraft:iron_pickaxe":3,"minecraft:stone_sword":1,"minecraft:iron_shovel":1,"minecraft:iron_leggings":1,"betteranimalsplus:eel_meat_cooked":6,"betteranimalsplus:fried_egg":3,"minecraft:stonecutter":1,"minecraft:torch":8},"minecraft:killed":{"betteranimalsplus:coyote":4,"minecraft:spider":12,"betteranimalsplus:boar":1,"alexsmobs:tasmanian_devil":1,"alexsmobs:rattlesnake":2,"minecraft:phantom":1,"minecraft:skeleton":16,"alexsmobs:leafcutter_ant":1,"minecraft:chicken":4,"minecraft:drowned":1,"orcz:orcsavagemace":1,"betteranimalsplus:piranha":4,"mowziesmobs:foliaath":2,"betteranimalsplus:tarantula":1,"artifacts:mimic":1,"rottencreatures:undead_miner":4,"minecraft:pig":9,"mowziesmobs:umvuthana_follower_raptor":4,"minecraft:creeper":6,"betteranimalsplus:eel_freshwater":4,"minecraft:sheep":1,"minecraft:zombie":30,"alexsmobs:fly":3,"mutantmonsters:mutant_zombie":1,"orcz:snot":2,"mowziesmobs:umvuthana_raptor":1,"orcz:orcshield":1,"minecraft:enderman":1,"minecraft:cow":6},"minecraft:custom":{"minecraft:mob_kills":130,"minecraft:interact_with_crafting_table":48,"minecraft:open_barrel":4,"minecraft:bell_ring":4,"minecraft:damage_dealt_resisted":24,"minecraft:eat_cake_slice":2,"minecraft:leave_game":6,"minecraft:time_since_death":74508,"minecraft:climb_one_cm":5472,"minecraft:sprint_one_cm":868593,"minecraft:walk_one_cm":398297,"minecraft:drop":78,"minecraft:damage_dealt_absorbed":119,"minecraft:talked_to_villager":8,"minecraft:play_time":262842,"minecraft:sneak_time":18487,"minecraft:deaths":2,"minecraft:walk_under_water_one_cm":23647,"minecraft:boat_one_cm":836315,"minecraft:jump":6550,"minecraft:interact_with_blast_furnace":3,"minecraft:walk_on_water_one_cm":48374,"minecraft:total_world_time":262842,"minecraft:interact_with_furnace":92,"tombstone:raider_killed":1,"minecraft:interact_with_cartography_table":3,"minecraft:interact_with_stonecutter":9,"minecraft:sleep_in_bed":3,"minecraft:time_since_rest":74567,"minecraft:damage_taken":4249,"minecraft:damage_dealt":22803,"minecraft:swim_one_cm":197065,"minecraft:fly_one_cm":1575268,"minecraft:crouch_one_cm":53813,"tombstone:undead_killed":53,"minecraft:open_chest":49,"minecraft:fall_one_cm":187166,"minecraft:interact_with_smoker":1},"minecraft:dropped":{"minecraft:bread":1,"minecraft:iron_sword":2,"minecraft:wheat_seeds":379,"minecraft:oak_log":19,"minecraft:cooked_porkchop":2,"minecraft:feather":2,"minecraft:leather":4,"evilcraft:dark_gem":16,"minecraft:grass_block":1,"minecraft:coal":1,"minecraft:flint":1,"minecraft:stick":1,"minecraft:dirt":53,"minecraft:diorite":3,"minecraft:wooden_axe":1,"botania:green_mystical_flower":2,"minecraft:rose_bush":1,"minecraft:jungle_sapling":1,"minecraft:phantom_membrane":1,"minecraft:iron_axe":1,"minecraft:dark_oak_planks":1,"minecraft:string":9,"minecraft:white_wool":1,"minecraft:gravel":2,"alexsmobs:maggot":2,"mutantmonsters:hulk_hammer":1,"minecraft:stone_sword":1,"minecraft:tuff":1,"minecraft:wheat":3,"minecraft:beetroot":12,"minecraft:rotten_flesh":4,"minecraft:light_gray_wool":4,"minecraft:oak_planks":3,"betteranimalsplus:fried_egg":1,"minecraft:stone":1,"minecraft:gunpowder":6,"minecraft:andesite":1,"minecraft:melon_seeds":3,"minecraft:bamboo":7,"biomesoplenty:mahogany_sapling":1,"minecraft:stone_pickaxe":1,"minecraft:wooden_pickaxe":3,"artifacts:scarf_of_invisibility":1,"botania:light_gray_mystical_flower":1,"artifacts:fire_gauntlet":2},"minecraft:mined":{"minecraft:dark_oak_planks":1,"minecraft:tuff":5,"minecraft:red_carpet":1,"minecraft:deepslate_diamond_ore":1,"minecraft:jungle_leaves":14,"orcz:palisadedarkoak":6,"minecraft:glow_lichen":1,"minecraft:grass_block":97,"minecraft:jungle_log":6,"alexsmobs:leafcutter_ant_chamber":1,"evilcraft:blood_chest":2,"minecraft:deepslate_bricks":15,"biomesoplenty:mahogany_sapling":1,"biomesoplenty:orange_sandstone":1,"botania:light_gray_mystical_flower":1,"minecraft:hay_block":15,"minecraft:furnace":12,"minecraft:iron_ore":27,"minecraft:fire":9,"minecraft:andesite":7,"minecraft:vine":1,"biomesoplenty:mahogany_leaves":16,"tconstruct:earth_earth_slime_grass":1,"minecraft:deepslate_iron_ore":15,"tconstruct:earth_slime_leaves":3,"minecraft:bamboo_sapling":3,"minecraft:bamboo":1,"minecraft:stone":111,"botania:green_mystical_flower":2,"minecraft:melon_stem":2,"minecraft:smoker":1,"minecraft:dandelion":2,"minecraft:crafting_table":2,"minecraft:torch":5,"minecraft:calcite":1,"biomesoplenty:mahogany_planks":8,"minecraft:melon":46,"tconstruct:greenheart_log":6,"minecraft:chest":2,"minecraft:rose_bush":1,"minecraft:tall_grass":11,"minecraft:cobblestone":3,"minecraft:deepslate_gold_ore":4,"minecraft:cyan_bed":1,"minecraft:oak_planks":50,"minecraft:wall_torch":7,"minecraft:diorite":4,"biomesoplenty:goldenrod":2,"minecraft:birch_planks":1,"evilcraft:dark_ore_deepslate":3,"biomesoplenty:mahogany_log":31,"minecraft:birch_log":1,"minecraft:wheat":88,"minecraft:light_gray_wool":6,"minecraft:grass":143,"minecraft:coal_ore":28,"minecraft:oak_log":49,"minecraft:gravel":3,"minecraft:dirt":38,"minecraft:sand":23,"evilcraft:hardened_blood":6,"minecraft:gold_ore":9,"minecraft:oak_leaves":11,"minecraft:deepslate":279,"minecraft:fern":16},"minecraft:used":{"minecraft:beetroot":12,"biomesoplenty:mahogany_planks":21,"minecraft:stone_sword":47,"minecraft:iron_shovel":133,"minecraft:melon":2,"minecraft:flint_and_steel":10,"evilcraft:blood_chest":2,"minecraft:chest":6,"minecraft:iron_sword":420,"betteranimalsplus:fried_egg":2,"minecraft:rotten_flesh":12,"minecraft:oak_door":2,"minecraft:torch":15,"minecraft:dirt":112,"minecraft:jungle_planks":11,"minecraft:tuff":5,"betteranimalsplus:eel_meat_cooked":6,"minecraft:iron_axe":189,"biomesoplenty:mahogany_sapling":1,"minecraft:bamboo":3,"mutantmonsters:hulk_hammer":1,"minecraft:hay_block":1,"minecraft:furnace":15,"tombstone:gift":4,"minecraft:cooked_beef":11,"minecraft:cobbled_deepslate":36,"minecraft:light_gray_bed":1,"minecraft:cooked_mutton":2,"minecraft:oak_planks":46,"minecraft:stone_pickaxe":170,"minecraft:wooden_pickaxe":35,"minecraft:stonecutter":1,"minecraft:deepslate_bricks":178,"biomesoplenty:mahogany_log":1,"minecraft:crafting_table":14,"minecraft:deepslate_tiles":1,"minecraft:oak_log":2,"minecraft:bread":10,"minecraft:cyan_bed":1,"minecraft:melon_slice":123,"minecraft:iron_pickaxe":357,"minecraft:stone_axe":15,"minecraft:wooden_sword":66,"minecraft:cobblestone":67,"minecraft:cooked_porkchop":10,"minecraft:andesite":7,"botania:light_gray_mystical_flower":1,"minecraft:oak_boat":4,"alexsmobs:animal_dictionary":4}},"DataVersion":2975}